Workbook
Name _FilterDatabase_0: ABRIL!$A:$AQ
Name _FilterDatabase_0_0: ABRIL!$A$1:$AQ$29
Name _FilterDatabase_0_0_0: ABRIL!$A$1:$AE$29
Name _FilterDatabase_0_0_0_0: ABRIL!$A$1:$AG$29
Name _FilterDatabase_0_0_0_0_0: ABRIL!$A$1:$AE$29
Name _FilterDatabase_0_0_0_0_0_0: ABRIL!$A$1:$AG$29
Name _FilterDatabase_0_0_0_0_0_0_0: ABRIL!$A$1:$AE$29
Name _FilterDatabase_0_0_0_0_0_0_0_0: ABRIL!$A$1:$AG$29
Name _FilterDatabase_0_0_0_0_0_0_0_0_0: ABRIL!$A$1:$AE$29
Name _FilterDatabase_0_0_0_0_0_0_0_0_0_0: ABRIL!$A$1:$AG$29
Name _FilterDatabase_0_0_0_0_0_0_0_0_0_0_0: ABRIL!$A$1:$AE$29
Name _FilterDatabase_0_0_0_0_0_0_0_0_0_0_0_0: ABRIL!$A$1:$AG$29
Name _FilterDatabase_0_0_0_0_0_0_0_0_0_0_0_0_0: ABRIL!$A$1:$AE$29
Name _FilterDatabase_0_0_0_0_0_0_0_0_0_0_0_0_0_0: ABRIL!$A$1:$AG$29
Name _FilterDatabase_0_0_0_0_0_0_0_0_0_0_0_0_0_0_0: ABRIL!$A$1:$AE$29
Name _FilterDatabase_0_0_0_0_0_0_0_0_0_0_0_0_0_0_0_0: ABRIL!$A$1:$AG$29
Name _FilterDatabase_0_0_0_0_0_0_0_0_0_0_0_0_0_0_0_0_0: ABRIL!$A$1:$AE$29
Name _FilterDatabase_0_0_0_0_0_0_0_0_0_0_0_0_0_0_0_0_0_0: ABRIL!$A$1:$AG$29
Name _FilterDatabase_0_0_0_0_0_0_0_0_0_0_0_0_0_0_0_0_0_0_0: ABRIL!$A$1:$AE$29
Name _FilterDatabase_0_0_0_0_0_0_0_0_0_0_0_0_0_0_0_0_0_0_0_0: ABRIL!$A$1:$AG$29
Name _FilterDatabase_0_0_0_0_0_0_0_0_0_0_0_0_0_0_0_0_0_0_0_0_0: ABRIL!$A$1:$AE$29
Name _FilterDatabase_0_0_0_0_0_0_0_0_0_0_0_0_0_0_0_0_0_0_0_0_0_0: ABRIL!$A$1:$AG$29
Name _FilterDatabase_0_0_0_0_0_0_0_0_0_0_0_0_0_0_0_0_0_0_0_0_0_0_0: ABRIL!$A$1:$AE$29
Name _FilterDatabase_0_0_0_0_0_0_0_0_0_0_0_0_0_0_0_0_0_0_0_0_0_0_0_0: ABRIL!$A$1:$AG$29
Name _FilterDatabase_0_0_0_0_0_0_0_0_0_0_0_0_0_0_0_0_0_0_0_0_0_0_0_0_0: ABRIL!$A$1:$AE$29
Name _FilterDatabase_0_0_0_0_0_0_0_0_0_0_0_0_0_0_0_0_0_0_0_0_0_0_0_0_0_0: ABRIL!$A$1:$AG$29
Name _FilterDatabase_0_0_0_0_0_0_0_0_0_0_0_0_0_0_0_0_0_0_0_0_0_0_0_0_0_0_0: ABRIL!$A$1:$AE$29
Name _FilterDatabase_0_0_0_0_0_0_0_0_0_0_0_0_0_0_0_0_0_0_0_0_0_0_0_0_0_0_0_0: ABRIL!$A$1:$AG$29
Name _FilterDatabase_0_0_0_0_0_0_0_0_0_0_0_0_0_0_0_0_0_0_0_0_0_0_0_0_0_0_0_0_0: ABRIL!$A$1:$AE$29
Name _FilterDatabase_0_0_0_0_0_0_0_0_0_0_0_0_0_0_0_0_0_0_0_0_0_0_0_0_0_0_0_0_0_0: ABRIL!$A$1:$AG$29
Name _FilterDatabase_0_0_0_0_0_0_0_0_0_0_0_0_0_0_0_0_0_0_0_0_0_0_0_0_0_0_0_0_0_0_0: ABRIL!$A$1:$AE$29
Name _FilterDatabase_0_0_0_0_0_0_0_0_0_0_0_0_0_0_0_0_0_0_0_0_0_0_0_0_0_0_0_0_0_0_0_0: ABRIL!$A$1:$AG$29
Name _FilterDatabase_0_0_0_0_0_0_0_0_0_0_0_0_0_0_0_0_0_0_0_0_0_0_0_0_0_0_0_0_0_0_0_0_0: ABRIL!$A$1:$AE$29
Name _FilterDatabase_0_0_0_0_0_0_0_0_0_0_0_0_0_0_0_0_0_0_0_0_0_0_0_0_0_0_0_0_0_0_0_0_0_0: ABRIL!$A$1:$AG$29
Name _FilterDatabase_0_0_0_0_0_0_0_0_0_0_0_0_0_0_0_0_0_0_0_0_0_0_0_0_0_0_0_0_0_0_0_0_0_0_0: ABRIL!$A$1:$AE$29
Name _FilterDatabase_0_0_0_0_0_0_0_0_0_0_0_0_0_0_0_0_0_0_0_0_0_0_0_0_0_0_0_0_0_0_0_0_0_0_0_0: ABRIL!$A$1:$AG$29
Name _FilterDatabase_0_0_0_0_0_0_0_0_0_0_0_0_0_0_0_0_0_0_0_0_0_0_0_0_0_0_0_0_0_0_0_0_0_0_0_0_0: ABRIL!$A$1:$AE$29
Name _FilterDatabase_0_0_0_0_0_0_0_0_0_0_0_0_0_0_0_0_0_0_0_0_0_0_0_0_0_0_0_0_0_0_0_0_0_0_0_0_0_0: ABRIL!$A$1:$AG$29
Name _FilterDatabase_0_0_0_0_0_0_0_0_0_0_0_0_0_0_0_0_0_0_0_0_0_0_0_0_0_0_0_0_0_0_0_0_0_0_0_0_0_0_0: ABRIL!$A$1:$AE$29
Name _FilterDatabase_0_0_0_0_0_0_0_0_0_0_0_0_0_0_0_0_0_0_0_0_0_0_0_0_0_0_0_0_0_0_0_0_0_0_0_0_0_0_0_0: ABRIL!$A$1:$AG$29
Name _FilterDatabase_0_0_0_0_0_0_0_0_0_0_0_0_0_0_0_0_0_0_0_0_0_0_0_0_0_0_0_0_0_0_0_0_0_0_0_0_0_0_0_0_0: ABRIL!$A$1:$AE$29
Name _FilterDatabase_0_0_0_0_0_0_0_0_0_0_0_0_0_0_0_0_0_0_0_0_0_0_0_0_0_0_0_0_0_0_0_0_0_0_0_0_0_0_0_0_0_0: ABRIL!$A$1:$AG$29
Name _FilterDatabase_0_0_0_0_0_0_0_0_0_0_0_0_0_0_0_0_0_0_0_0_0_0_0_0_0_0_0_0_0_0_0_0_0_0_0_0_0_0_0_0_0_0_0: ABRIL!$A$1:$AE$29
Name _FilterDatabase_0_0_0_0_0_0_0_0_0_0_0_0_0_0_0_0_0_0_0_0_0_0_0_0_0_0_0_0_0_0_0_0_0_0_0_0_0_0_0_0_0_0_0_0: ABRIL!$A$1:$AG$29
Name _FilterDatabase_0_0_0_0_0_0_0_0_0_0_0_0_0_0_0_0_0_0_0_0_0_0_0_0_0_0_0_0_0_0_0_0_0_0_0_0_0_0_0_0_0_0_0_0_0: ABRIL!$A$1:$AE$29
Name _FilterDatabase_0_0_0_0_0_0_0_0_0_0_0_0_0_0_0_0_0_0_0_0_0_0_0_0_0_0_0_0_0_0_0_0_0_0_0_0_0_0_0_0_0_0_0_0_0_0: ABRIL!$A$1:$AG$29
Name _FilterDatabase_0_0_0_0_0_0_0_0_0_0_0_0_0_0_0_0_0_0_0_0_0_0_0_0_0_0_0_0_0_0_0_0_0_0_0_0_0_0_0_0_0_0_0_0_0_0_0: ABRIL!$A$1:$AE$29
Name _FilterDatabase_0_0_0_0_0_0_0_0_0_0_0_0_0_0_0_0_0_0_0_0_0_0_0_0_0_0_0_0_0_0_0_0_0_0_0_0_0_0_0_0_0_0_0_0_0_0_0_0: ABRIL!$A$1:$AG$29
Name _FilterDatabase_0_0_0_0_0_0_0_0_0_0_0_0_0_0_0_0_0_0_0_0_0_0_0_0_0_0_0_0_0_0_0_0_0_0_0_0_0_0_0_0_0_0_0_0_0_0_0_0_0: ABRIL!$A$1:$AE$29
Name _FilterDatabase_0_0_0_0_0_0_0_0_0_0_0_0_0_0_0_0_0_0_0_0_0_0_0_0_0_0_0_0_0_0_0_0_0_0_0_0_0_0_0_0_0_0_0_0_0_0_0_0_0_0: ABRIL!$A$1:$AG$29
Name _FilterDatabase_0_0_0_0_0_0_0_0_0_0_0_0_0_0_0_0_0_0_0_0_0_0_0_0_0_0_0_0_0_0_0_0_0_0_0_0_0_0_0_0_0_0_0_0_0_0_0_0_0_0_0: ABRIL!$A$1:$AE$29
Name _FilterDatabase_0_0_0_0_0_0_0_0_0_0_0_0_0_0_0_0_0_0_0_0_0_0_0_0_0_0_0_0_0_0_0_0_0_0_0_0_0_0_0_0_0_0_0_0_0_0_0_0_0_0_0_0: ABRIL!$A$1:$AG$29
Name _FilterDatabase_0_0_0_0_0_0_0_0_0_0_0_0_0_0_0_0_0_0_0_0_0_0_0_0_0_0_0_0_0_0_0_0_0_0_0_0_0_0_0_0_0_0_0_0_0_0_0_0_0_0_0_0_0: ABRIL!$A$1:$AE$29
Name _FilterDatabase_0_0_0_0_0_0_0_0_0_0_0_0_0_0_0_0_0_0_0_0_0_0_0_0_0_0_0_0_0_0_0_0_0_0_0_0_0_0_0_0_0_0_0_0_0_0_0_0_0_0_0_0_0_0: ABRIL!$A$1:$AG$29
Name _FilterDatabase_0_0_0_0_0_0_0_0_0_0_0_0_0_0_0_0_0_0_0_0_0_0_0_0_0_0_0_0_0_0_0_0_0_0_0_0_0_0_0_0_0_0_0_0_0_0_0_0_0_0_0_0_0_0_0: ABRIL!$A$1:$AE$29
Name _FilterDatabase_0_0_0_0_0_0_0_0_0_0_0_0_0_0_0_0_0_0_0_0_0_0_0_0_0_0_0_0_0_0_0_0_0_0_0_0_0_0_0_0_0_0_0_0_0_0_0_0_0_0_0_0_0_0_0_0: ABRIL!$A$1:$AG$29
Name _FilterDatabase_0_0_0_0_0_0_0_0_0_0_0_0_0_0_0_0_0_0_0_0_0_0_0_0_0_0_0_0_0_0_0_0_0_0_0_0_0_0_0_0_0_0_0_0_0_0_0_0_0_0_0_0_0_0_0_0_0: ABRIL!$A$1:$AE$29
Name _FilterDatabase_0_0_0_0_0_0_0_0_0_0_0_0_0_0_0_0_0_0_0_0_0_0_0_0_0_0_0_0_0_0_0_0_0_0_0_0_0_0_0_0_0_0_0_0_0_0_0_0_0_0_0_0_0_0_0_0_0_0: ABRIL!$A$1:$AG$29
Name _FilterDatabase_0_0_0_0_0_0_0_0_0_0_0_0_0_0_0_0_0_0_0_0_0_0_0_0_0_0_0_0_0_0_0_0_0_0_0_0_0_0_0_0_0_0_0_0_0_0_0_0_0_0_0_0_0_0_0_0_0_0_0: ABRIL!$A$1:$AE$29
Name _FilterDatabase_0_0_0_0_0_0_0_0_0_0_0_0_0_0_0_0_0_0_0_0_0_0_0_0_0_0_0_0_0_0_0_0_0_0_0_0_0_0_0_0_0_0_0_0_0_0_0_0_0_0_0_0_0_0_0_0_0_0_0_0: ABRIL!$A$1:$AG$29

Sheet ABRIL
C1: MI | D1: J | E1: V | F1: S | G1: D | H1: L | I1: M | J1: MI | K1: J | L1: V | M1: S | N1: D | O1: L | P1: M | Q1: MI | R1: J | S1: V | T1: S | U1: D | V1: L | W1: M | X1: MI | Y1: J | Z1: V | AA1: S | AB1: D | AC1: L | AD1: M | AE1: MI | AF1: J
C2: 1 | D2: 2 | E2: 3 | F2: 4 | G2: 5 | H2: 6 | I2: 7 | J2: 8 | K2: 9 | L2: 10 | M2: 11 | N2: 12 | O2: 13 | P2: 14 | Q2: 15 | R2: 16 | S2: 17 | T2: 18 | U2: 19 | V2: 20 | W2: 21 | X2: 22 | Y2: 23 | Z2: 24 | AA2: 25 | AB2: 26 | AC2: 27 | AD2: 28 | AE2: 29 | AF2: 30 | AI2: TRABAJADOS | AJ2: LIBRES | AK2: ASUNTOS | AL2: TRIENIOS | AM2: AD. VAC | AN2: P. FAMILIAR | AO2: P. SINDICAL | AP2: VACACIONES | AQ2: BAJAS
A3: BLANCO AMBRUÑEIRAS, MERCEDES | B3: Peon | C3: B | D3: B | E3: D | F3: D | G3: D | H3: D | I3: B | J3: B | K3: B | L3: D | M3: B | N3: B | O3: D | P3: B | Q3: B | R3: B | S3: B | T3: D | U3: D | V3: B | W3: B | X3: B | Y3: D | Z3: B | AA3: B | AB3: B | AC3: B | AD3: D | AE3: B | AF3: B | AI3: =COUNTIF(ABRIL!C3:AG3,"M")+COUNTIF(ABRIL!C3:AG3,"T")+COUNTIF(ABRIL!C3:AG3,"N") -> 0 | AJ3: =COUNTIF(ABRIL!C3:AG3,"D")+COUNTIF(ABRIL!C3:AG3,"DN") -> 10 | AK3: =COUNTIF(ABRIL!C3:AG3,"A") -> 0 | AL3: =COUNTIF(ABRIL!D3:AH3,"TR") -> 0 | AM3: =COUNTIF(ABRIL!E3:AI3,"AV") -> 0 | AN3: =COUNTIF(ABRIL!C3:AG3,"PF") -> 0 | AO3: =COUNTIF(ABRIL!C3:AG3,"PS") -> 0 | AP3: =COUNTIF(ABRIL!C3:AG3,"V") -> 0 | AQ3: =COUNTIF(ABRIL!C3:AG3,"B") -> 20
A4: BLANCO CARRACEDO, LAURA | B4: Limpiadora | C4: N | D4: D | E4: N | F4: D | G4: D | H4: D | I4: D | J4: D | K4: N | L4: D | M4: N | N4: D | O4: N | P4: D | Q4: N | R4: D | S4: N | T4: D | U4: N | V4: D | W4: N | X4: D | Y4: D | Z4: D | AA4: N | AB4: D | AC4: N | AD4: D | AE4: N | AF4: D | AI4: =COUNTIF(ABRIL!C4:AG4,"M")+COUNTIF(ABRIL!C4:AG4,"T")+COUNTIF(ABRIL!C4:AG4,"N") -> 12 | AJ4: =COUNTIF(ABRIL!C4:AG4,"D")+COUNTIF(ABRIL!C4:AG4,"DN") -> 18 | AK4: =COUNTIF(ABRIL!C4:AG4,"A") -> 0 | AL4: =COUNTIF(ABRIL!D4:AH4,"TR") -> 0 | AM4: =COUNTIF(ABRIL!E4:AI4,"AV") -> 0 | AN4: =COUNTIF(ABRIL!C4:AG4,"PF") -> 0 | AO4: =COUNTIF(ABRIL!C4:AG4,"PS") -> 0 | AP4: =COUNTIF(ABRIL!C4:AG4,"V") -> 0 | AQ4: =COUNTIF(ABRIL!C4:AG4,"B") -> 0
A5: CALVELO TOJO, ENCARNA | B5: Limpiadora | C5: D | D5: T | E5: D | F5: T | G5: T | H5: A | I5: D | J5: D | K5: C | L5: T | M5: D | N5: D | O5: T | P5: C | Q5: T | R5: D | S5: D | T5: T | U5: T | V5: T | W5: T | X5: D | Y5: T | Z5: T | AA5: D | AB5: D | AC5: D | AD5: T | AE5: T | AF5: T | AI5: =COUNTIF(ABRIL!C5:AG5,"M")+COUNTIF(ABRIL!C5:AG5,"T")+COUNTIF(ABRIL!C5:AG5,"N") -> 15 | AJ5: =COUNTIF(ABRIL!C5:AG5,"D")+COUNTIF(ABRIL!C5:AG5,"DN") -> 12 | AK5: =COUNTIF(ABRIL!C5:AG5,"A") -> 1 | AL5: =COUNTIF(ABRIL!D5:AH5,"TR") -> 0 | AM5: =COUNTIF(ABRIL!E5:AI5,"AV") -> 0 | AN5: =COUNTIF(ABRIL!C5:AG5,"PF") -> 0 | AO5: =COUNTIF(ABRIL!C5:AG5,"PS") -> 0 | AP5: =COUNTIF(ABRIL!C5:AG5,"V") -> 0 | AQ5: =COUNTIF(ABRIL!C5:AG5,"B") -> 0
A6: CARDAMA BEADE, EUGENIA | B6: Limpiadora | C6: D | D6: M | E6: D | F6: M | G6: M | H6: M | I6: D | J6: D | K6: M | L6: M | M6: D | N6: D | O6: M | P6: M | Q6: M | R6: D | S6: D | T6: M | U6: M | V6: M | W6: M | X6: D | Y6: M | Z6: M | AA6: D | AB6: D | AC6: D | AD6: M | AE6: M | AF6: D | AI6: =COUNTIF(ABRIL!C6:AG6,"M")+COUNTIF(ABRIL!C6:AG6,"T")+COUNTIF(ABRIL!C6:AG6,"N") -> 17 | AJ6: =COUNTIF(ABRIL!C6:AG6,"D")+COUNTIF(ABRIL!C6:AG6,"DN") -> 13 | AK6: =COUNTIF(ABRIL!C6:AG6,"A") -> 0 | AL6: =COUNTIF(ABRIL!D6:AH6,"TR") -> 0 | AM6: =COUNTIF(ABRIL!E6:AI6,"AV") -> 0 | AN6: =COUNTIF(ABRIL!C6:AG6,"PF") -> 0 | AO6: =COUNTIF(ABRIL!C6:AG6,"PS") -> 0 | AP6: =COUNTIF(ABRIL!C6:AG6,"V") -> 0 | AQ6: =COUNTIF(ABRIL!C6:AG6,"B") -> 0
A7: CARRILLO LEMOS, EVA M | B7: Limpiadora | C7: D | D7: D | E7: M | F7: D | G7: D | H7: M | I7: M | J7: M | K7: D | L7: M | M7: M | N7: M | O7: M | P7: D | Q7: M | R7: M | S7: M | T7: D | U7: D | V7: M | W7: M | X7: M | Y7: M | Z7: D | AA7: M | AB7: M | AC7: D | AD7: M | AE7: M | AF7: M | AI7: =COUNTIF(ABRIL!C7:AG7,"M")+COUNTIF(ABRIL!C7:AG7,"T")+COUNTIF(ABRIL!C7:AG7,"N") -> 20 | AJ7: =COUNTIF(ABRIL!C7:AG7,"D")+COUNTIF(ABRIL!C7:AG7,"DN") -> 10 | AK7: =COUNTIF(ABRIL!C7:AG7,"A") -> 0 | AL7: =COUNTIF(ABRIL!D7:AH7,"TR") -> 0 | AM7: =COUNTIF(ABRIL!E7:AI7,"AV") -> 0 | AN7: =COUNTIF(ABRIL!C7:AG7,"PF") -> 0 | AO7: =COUNTIF(ABRIL!C7:AG7,"PS") -> 0 | AP7: =COUNTIF(ABRIL!C7:AG7,"V") -> 0 | AQ7: =COUNTIF(ABRIL!C7:AG7,"B") -> 0
A8: GRANJA FERNANDEZ, PATRICIA | B8: Limpiadora | C8: D | D8: D | E8: B | F8: D | G8: D | H8: B | I8: B | J8: B | K8: B | L8: D | M8: B | N8: B | O8: B | P8: B | Q8: D | R8: B | S8: B | T8: D | U8: D | V8: D | W8: B | X8: B | Y8: B | Z8: D | AA8: B | AB8: B | AC8: D | AD8: B | AE8: B | AF8: B | AI8: =COUNTIF(ABRIL!C8:AG8,"M")+COUNTIF(ABRIL!C8:AG8,"T")+COUNTIF(ABRIL!C8:AG8,"N") -> 0 | AJ8: =COUNTIF(ABRIL!C8:AG8,"D")+COUNTIF(ABRIL!C8:AG8,"DN") -> 11 | AK8: =COUNTIF(ABRIL!C8:AG8,"A") -> 0 | AL8: =COUNTIF(ABRIL!D8:AH8,"TR") -> 0 | AM8: =COUNTIF(ABRIL!E8:AI8,"AV") -> 0 | AN8: =COUNTIF(ABRIL!C8:AG8,"PF") -> 0 | AO8: =COUNTIF(ABRIL!C8:AG8,"PS") -> 0 | AP8: =COUNTIF(ABRIL!C8:AG8,"V") -> 0 | AQ8: =COUNTIF(ABRIL!C8:AG8,"B") -> 19
A9: GUIANZO REGUEIRO, CONCEPCION | B9: Limpiadora | C9: D | D9: N | E9: D | F9: N | G9: D | H9: N | I9: D | J9: D | K9: D | L9: N | M9: D | N9: N | O9: D | P9: N | Q9: D | R9: N | S9: D | T9: N | U9: D | V9: N | W9: D | X9: N | Y9: D | Z9: D | AA9: D | AB9: N | AC9: D | AD9: N | AE9: D | AF9: N | AI9: =COUNTIF(ABRIL!C9:AG9,"M")+COUNTIF(ABRIL!C9:AG9,"T")+COUNTIF(ABRIL!C9:AG9,"N") -> 13 | AJ9: =COUNTIF(ABRIL!C9:AG9,"D")+COUNTIF(ABRIL!C9:AG9,"DN") -> 17 | AK9: =COUNTIF(ABRIL!C9:AG9,"A") -> 0 | AL9: =COUNTIF(ABRIL!D9:AH9,"TR") -> 0 | AM9: =COUNTIF(ABRIL!E9:AI9,"AV") -> 0 | AN9: =COUNTIF(ABRIL!C9:AG9,"PF") -> 0 | AO9: =COUNTIF(ABRIL!C9:AG9,"PS") -> 0 | AP9: =COUNTIF(ABRIL!C9:AG9,"V") -> 0 | AQ9: =COUNTIF(ABRIL!C9:AG9,"B") -> 0
A10: IGLESIAS LOURIDO, M CARMEN | B10: Limpiadora | C10: T | D10: D | E10: D | F10: T | G10: C | H10: T | I10: T | J10: D | K10: T | L10: T | M10: D | N10: D | O10: D | P10: T | Q10: T | R10: T | S10: T | T10: D | U10: D | V10: T | W10: T | X10: T | Y10: D | Z10: T | AA10: T | AB10: T | AC10: T | AD10: D | AE10: T | AF10: T | AI10: =COUNTIF(ABRIL!C10:AG10,"M")+COUNTIF(ABRIL!C10:AG10,"T")+COUNTIF(ABRIL!C10:AG10,"N") -> 19 | AJ10: =COUNTIF(ABRIL!C10:AG10,"D")+COUNTIF(ABRIL!C10:AG10,"DN") -> 10 | AK10: =COUNTIF(ABRIL!C10:AG10,"A") -> 0 | AL10: =COUNTIF(ABRIL!D10:AH10,"TR") -> 0 | AM10: =COUNTIF(ABRIL!E10:AI10,"AV") -> 0 | AN10: =COUNTIF(ABRIL!C10:AG10,"PF") -> 0 | AO10: =COUNTIF(ABRIL!C10:AG10,"PS") -> 0 | AP10: =COUNTIF(ABRIL!C10:AG10,"V") -> 0 | AQ10: =COUNTIF(ABRIL!C10:AG10,"B") -> 0
A11: LAMEIRO GARCIA, BEGOÑA | B11: Limpiadora | C11: M | D11: M | E11: D | F11: M | G11: M | H11: C | I11: D | J11: M | K11: M | L11: M | M11: D | N11: D | O11: M | P11: M | Q11: M | R11: M | S11: D | T11: M | U11: M | V11: D | W11: M | X11: M | Y11: M | Z11: M | AA11: D | AB11: D | AC11: M | AD11: M | AE11: D | AF11: M | AI11: =COUNTIF(ABRIL!C11:AG11,"M")+COUNTIF(ABRIL!C11:AG11,"T")+COUNTIF(ABRIL!C11:AG11,"N") -> 20 | AJ11: =COUNTIF(ABRIL!C11:AG11,"D")+COUNTIF(ABRIL!C11:AG11,"DN") -> 9 | AK11: =COUNTIF(ABRIL!C11:AG11,"A") -> 0 | AL11: =COUNTIF(ABRIL!D11:AH11,"TR") -> 0 | AM11: =COUNTIF(ABRIL!E11:AI11,"AV") -> 0 | AN11: =COUNTIF(ABRIL!C11:AG11,"PF") -> 0 | AO11: =COUNTIF(ABRIL!C11:AG11,"PS") -> 0 | AP11: =COUNTIF(ABRIL!C11:AG11,"V") -> 0 | AQ11: =COUNTIF(ABRIL!C11:AG11,"B") -> 0
A12: MENDEZ IGLESIAS, MANUELA | B12: Limpiadora | C12: T | D12: A | E12: D | F12: D | G12: D | H12: T | I12: T | J12: D | K12: T | L12: T | M12: D | N12: D | O12: T | P12: T | Q12: T | R12: T | S12: D | T12: T | U12: T | V12: T | W12: T | X12: D | Y12: T | Z12: T | AA12: D | AB12: D | AC12: T | AD12: T | AE12: T | AF12: T | AI12: =COUNTIF(ABRIL!C12:AG12,"M")+COUNTIF(ABRIL!C12:AG12,"T")+COUNTIF(ABRIL!C12:AG12,"N") -> 19 | AJ12: =COUNTIF(ABRIL!C12:AG12,"D")+COUNTIF(ABRIL!C12:AG12,"DN") -> 10 | AK12: =COUNTIF(ABRIL!C12:AG12,"A") -> 1 | AL12: =COUNTIF(ABRIL!D12:AH12,"TR") -> 0 | AM12: =COUNTIF(ABRIL!E12:AI12,"AV") -> 0 | AN12: =COUNTIF(ABRIL!C12:AG12,"PF") -> 0 | AO12: =COUNTIF(ABRIL!C12:AG12,"PS") -> 0 | AP12: =COUNTIF(ABRIL!C12:AG12,"V") -> 0 | AQ12: =COUNTIF(ABRIL!C12:AG12,"B") -> 0
A13: REQUEIJO BOGA, JORGE | B13: Peon | C13: B | D13: B | E13: D | F13: B | G13: B | H13: D | I13: D | J13: B | K13: B | L13: B | M13: D | N13: D | O13: D | P13: B | Q13: B | R13: B | S13: D | T13: B | U13: B | V13: D | W13: B | X13: B | Y13: B | Z13: B | AA13: D | AB13: D | AC13: B | AD13: B | AE13: B | AF13: D | AI13: =COUNTIF(ABRIL!C13:AG13,"M")+COUNTIF(ABRIL!C13:AG13,"T")+COUNTIF(ABRIL!C13:AG13,"N") -> 0 | AJ13: =COUNTIF(ABRIL!C13:AG13,"D")+COUNTIF(ABRIL!C13:AG13,"DN") -> 11 | AK13: =COUNTIF(ABRIL!C13:AG13,"A") -> 0 | AL13: =COUNTIF(ABRIL!D13:AH13,"TR") -> 0 | AM13: =COUNTIF(ABRIL!E13:AI13,"AV") -> 0 | AN13: =COUNTIF(ABRIL!C13:AG13,"PF") -> 0 | AO13: =COUNTIF(ABRIL!C13:AG13,"PS") -> 0 | AP13: =COUNTIF(ABRIL!C13:AG13,"V") -> 0 | AQ13: =COUNTIF(ABRIL!C13:AG13,"B") -> 19
A14: SAAVEDRA PUENTE, M. JOSE | B14: Limpiadora | C14: T | D14: D | E14: T | F14: D | G14: D | H14: A | I14: T | J14: T | K14: T | L14: D | M14: T | N14: T | O14: T | P14: T | Q14: D | R14: T | S14: T | T14: D | U14: D | V14: T | W14: D | X14: T | Y14: T | Z14: T | AA14: D | AB14: D | AC14: T | AD14: T | AE14: T | AF14: D | AI14: =COUNTIF(ABRIL!C14:AG14,"M")+COUNTIF(ABRIL!C14:AG14,"T")+COUNTIF(ABRIL!C14:AG14,"N") -> 18 | AJ14: =COUNTIF(ABRIL!C14:AG14,"D")+COUNTIF(ABRIL!C14:AG14,"DN") -> 11 | AK14: =COUNTIF(ABRIL!C14:AG14,"A") -> 1 | AL14: =COUNTIF(ABRIL!D14:AH14,"TR") -> 0 | AM14: =COUNTIF(ABRIL!E14:AI14,"AV") -> 0 | AN14: =COUNTIF(ABRIL!C14:AG14,"PF") -> 0 | AO14: =COUNTIF(ABRIL!C14:AG14,"PS") -> 0 | AP14: =COUNTIF(ABRIL!C14:AG14,"V") -> 0 | AQ14: =COUNTIF(ABRIL!C14:AG14,"B") -> 0
A15: VILOUTA IGLESIAS, MERCEDES | B15: Limpiadora | J15: N | Z15: N | AI15: =COUNTIF(ABRIL!C15:AG15,"M")+COUNTIF(ABRIL!C15:AG15,"T")+COUNTIF(ABRIL!C15:AG15,"N") -> 2 | AJ15: =COUNTIF(ABRIL!C15:AG15,"D")+COUNTIF(ABRIL!C15:AG15,"DN") -> 0 | AK15: =COUNTIF(ABRIL!C15:AG15,"A") -> 0 | AL15: =COUNTIF(ABRIL!D15:AH15,"TR") -> 0 | AM15: =COUNTIF(ABRIL!E15:AI15,"AV") -> 0 | AN15: =COUNTIF(ABRIL!C15:AG15,"PF") -> 0 | AO15: =COUNTIF(ABRIL!C15:AG15,"PS") -> 0 | AP15: =COUNTIF(ABRIL!C15:AG15,"V") -> 0 | AQ15: =COUNTIF(ABRIL!C15:AG15,"B") -> 0
A16: MARIÑO ILLODO, LOURDES | B16: Limpiadora | I16: N | Y16: N | AI16: =COUNTIF(ABRIL!C16:AG16,"M")+COUNTIF(ABRIL!C16:AG16,"T")+COUNTIF(ABRIL!C16:AG16,"N") -> 2 | AJ16: =COUNTIF(ABRIL!C16:AG16,"D")+COUNTIF(ABRIL!C16:AG16,"DN") -> 0 | AK16: =COUNTIF(ABRIL!C16:AG16,"A") -> 0 | AL16: =COUNTIF(ABRIL!D16:AH16,"TR") -> 0 | AM16: =COUNTIF(ABRIL!E16:AI16,"AV") -> 0 | AN16: =COUNTIF(ABRIL!C16:AG16,"PF") -> 0 | AO16: =COUNTIF(ABRIL!C16:AG16,"PS") -> 0 | AP16: =COUNTIF(ABRIL!C16:AG16,"V") -> 0 | AQ16: =COUNTIF(ABRIL!C16:AG16,"B") -> 0
A17: FERNANDEZ GOMEZ, DOLORES | B17: Limpiadora | G17: N | AI17: =COUNTIF(ABRIL!C17:AG17,"M")+COUNTIF(ABRIL!C17:AG17,"T")+COUNTIF(ABRIL!C17:AG17,"N") -> 1 | AJ17: =COUNTIF(ABRIL!C17:AG17,"D")+COUNTIF(ABRIL!C17:AG17,"DN") -> 0 | AK17: =COUNTIF(ABRIL!C17:AG17,"A") -> 0 | AL17: =COUNTIF(ABRIL!D17:AH17,"TR") -> 0 | AM17: =COUNTIF(ABRIL!E17:AI17,"AV") -> 0 | AN17: =COUNTIF(ABRIL!C17:AG17,"PF") -> 0 | AO17: =COUNTIF(ABRIL!C17:AG17,"PS") -> 0 | AP17: =COUNTIF(ABRIL!C17:AG17,"V") -> 0 | AQ17: =COUNTIF(ABRIL!C17:AG17,"B") -> 0
A18: FERNANDEZ CRESPO, SONIA | B18: Limpiadora | C18: M | D18: M | E18: D | F18: D | G18: D | H18: D | I18: M | J18: M | K18: M | L18: D | M18: M | N18: M | O18: D | P18: M | Q18: M | R18: M | S18: M | T18: D | U18: D | V18: M | W18: M | X18: M | Y18: D | Z18: M | AA18: M | AB18: M | AC18: M | AD18: D | AE18: M | AF18: M | AI18: =COUNTIF(ABRIL!C18:AG18,"M")+COUNTIF(ABRIL!C18:AG18,"T")+COUNTIF(ABRIL!C18:AG18,"N") -> 20 | AJ18: =COUNTIF(ABRIL!C18:AG18,"D")+COUNTIF(ABRIL!C18:AG18,"DN") -> 10 | AK18: =COUNTIF(ABRIL!C18:AG18,"A") -> 0 | AL18: =COUNTIF(ABRIL!D18:AH18,"TR") -> 0 | AM18: =COUNTIF(ABRIL!E18:AI18,"AV") -> 0 | AN18: =COUNTIF(ABRIL!C18:AG18,"PF") -> 0 | AO18: =COUNTIF(ABRIL!C18:AG18,"PS") -> 0 | AP18: =COUNTIF(ABRIL!C18:AG18,"V") -> 0 | AQ18: =COUNTIF(ABRIL!C18:AG18,"B") -> 0
A19: LEIS OTERO, LUZ M | B19: Limpiadora | C19: D | D19: D | E19: M | F19: D | G19: D | H19: M | I19: M | J19: M | K19: M | L19: D | M19: M | N19: M | O19: M | P19: M | Q19: D | R19: M | S19: M | T19: D | U19: D | V19: D | W19: M | X19: M | Y19: M | Z19: D | AA19: M | AB19: M | AC19: D | AD19: M | AE19: M | AF19: M | AI19: =COUNTIF(ABRIL!C19:AG19,"M")+COUNTIF(ABRIL!C19:AG19,"T")+COUNTIF(ABRIL!C19:AG19,"N") -> 19 | AJ19: =COUNTIF(ABRIL!C19:AG19,"D")+COUNTIF(ABRIL!C19:AG19,"DN") -> 11 | AK19: =COUNTIF(ABRIL!C19:AG19,"A") -> 0 | AL19: =COUNTIF(ABRIL!D19:AH19,"TR") -> 0 | AM19: =COUNTIF(ABRIL!E19:AI19,"AV") -> 0 | AN19: =COUNTIF(ABRIL!C19:AG19,"PF") -> 0 | AO19: =COUNTIF(ABRIL!C19:AG19,"PS") -> 0 | AP19: =COUNTIF(ABRIL!C19:AG19,"V") -> 0 | AQ19: =COUNTIF(ABRIL!C19:AG19,"B") -> 0
A20: LOPEZ OTERO, SILVIA | B20: Limpiadora | C20: M | D20: M | E20: D | F20: M | G20: M | H20: D | I20: D | J20: T | K20: C | L20: M | M20: D | N20: D | O20: D | P20: C | Q20: C | R20: T | S20: D | T20: T | U20: T | V20: D | W20: T | X20: T | Y20: T | Z20: T | AA20: D | AB20: D | AC20: T | AD20: T | AE20: T | AF20: D | AI20: =COUNTIF(ABRIL!C20:AG20,"M")+COUNTIF(ABRIL!C20:AG20,"T")+COUNTIF(ABRIL!C20:AG20,"N") -> 16 | AJ20: =COUNTIF(ABRIL!C20:AG20,"D")+COUNTIF(ABRIL!C20:AG20,"DN") -> 11 | AK20: =COUNTIF(ABRIL!C20:AG20,"A") -> 0 | AL20: =COUNTIF(ABRIL!D20:AH20,"TR") -> 0 | AM20: =COUNTIF(ABRIL!E20:AI20,"AV") -> 0 | AN20: =COUNTIF(ABRIL!C20:AG20,"PF") -> 0 | AO20: =COUNTIF(ABRIL!C20:AG20,"PS") -> 0 | AP20: =COUNTIF(ABRIL!C20:AG20,"V") -> 0 | AQ20: =COUNTIF(ABRIL!C20:AG20,"B") -> 0
A21: PAJARO ENJO, M. JESUS | B21: Limpiadora | H21: T | J21: T
A22: SUAREZ ROMERO, YOLANDA | B22: Limpiadora | E22: M

Sheet CONTRATACION
B4: MI | F4: J | J4: V | N4: S | R4: D | V4: L | Z4: M | AD4: MI | AH4: J | AL4: V | AP4: S | AT4: D | AX4: L | BB4: M | BF4: MI | BJ4: J | BN4: V | BR4: S | BV4: D | BZ4: L | CD4: M | CH4: MI | CL4: J | CP4: V | CT4: S | CX4: D | DB4: L | DF4: M | DJ4: MI | DN4: J
B5: 1 | F5: 2 | J5: 3 | N5: 4 | R5: 5 | V5: 6 | Z5: 7 | AD5: 8 | AH5: 9 | AL5: 10 | AP5: 11 | AT5: 12 | AX5: 13 | BB5: 14 | BF5: 15 | BJ5: 16 | BN5: 17 | BR5: 18 | BV5: 19 | BZ5: 20 | CD5: 21 | CH5: 22 | CL5: 23 | CP5: 24 | CT5: 25 | CX5: 26 | DB5: 27 | DF5: 28 | DJ5: 29 | DN5: 30
B6: M | C6: T | D6: N | E6: P | F6: M | G6: T | H6: N | I6: P | J6: M | K6: T | L6: N | M6: P | N6: M | O6: T | P6: N | Q6: P | R6: M | S6: T | T6: N | U6: P | V6: M | W6: T | X6: N | Y6: P | Z6: M | AA6: T | AB6: N | AC6: P | AD6: M | AE6: T | AF6: N | AG6: P | AH6: M | AI6: T | AJ6: N | AK6: P | AL6: M | AM6: T | AN6: N | AO6: P | AP6: M | AQ6: T | AR6: N | AS6: P | AT6: M | AU6: T | AV6: N | AW6: P | AX6: M | AY6: T | AZ6: N | BA6: P | BB6: M | BC6: T | BD6: N | BE6: P | BF6: M | BG6: T | BH6: N | BI6: P | BJ6: M | BK6: T | BL6: N | BM6: P | BN6: M | BO6: T | BP6: N | BQ6: P | BR6: M | BS6: T | BT6: N | BU6: P | BV6: M | BW6: T | BX6: N | BY6: P | BZ6: M | CA6: T | CB6: N | CC6: P | CD6: M | CE6: T | CF6: N | CG6: P | CH6: M | CI6: T | CJ6: N | CK6: P | CL6: M | CM6: T | CN6: N | CO6: P | CP6: M | CQ6: T | CR6: N | CS6: P | CT6: M | CU6: T | CV6: N | CW6: P | CX6: M | CY6: T | CZ6: N | DA6: P | DB6: M | DC6: T | DD6: N | DE6: P | DF6: M | DG6: T | DH6: N | DI6: P | DJ6: M | DK6: T | DL6: N | DM6: P | DN6: M | DO6: T | DP6: N | DQ6: P
A7: PERSONAL NECESARIO | B7: 2 | C7: 3 | D7: 1 | E7: 1 | F7: 2 | G7: 1 | H7: 1 | I7: 1 | J7: 2 | K7: 1 | L7: 1 | M7: 1 | N7: 3 | O7: 1 | P7: 1 | Q7: 1 | R7: 2 | S7: 1 | T7: 1 | U7: 1 | V7: 2 | W7: 3 | X7: 1 | Y7: 1 | Z7: 2 | AA7: 3 | AB7: 1 | AC7: 1 | AD7: 3 | AE7: 3 | AF7: 1 | AG7: 1 | AH7: 3 | AI7: 3 | AJ7: 1 | AK7: 1 | AL7: 3 | AM7: 3 | AN7: 1 | AO7: 1 | AP7: 2 | AQ7: 1 | AR7: 1 | AS7: 1 | AT7: 2 | AU7: 1 | AV7: 1 | AW7: 1 | AX7: 3 | AY7: 3 | AZ7: 1 | BA7: 1 | BB7: 3 | BC7: 3 | BD7: 1 | BE7: 1 | BF7: 3 | BG7: 3 | BH7: 1 | BI7: 1 | BJ7: 3 | BK7: 3 | BL7: 1 | BM7: 1 | BN7: 3 | BO7: 3 | BP7: 1 | BQ7: 1 | BR7: 2 | BS7: 1 | BT7: 1 | BU7: 1 | BV7: 2 | BW7: 1 | BX7: 1 | BY7: 1 | BZ7: 3 | CA7: 3 | CB7: 1 | CC7: 1 | CD7: 3 | CE7: 3 | CF7: 1 | CG7: 1 | CH7: 3 | CI7: 3 | CJ7: 1 | CK7: 1 | CL7: 3 | CM7: 3 | CN7: 1 | CO7: 1 | CP7: 3 | CQ7: 3 | CR7: 1 | CS7: 1 | CT7: 2 | CU7: 1 | CV7: 1 | CW7: 1 | CX7: 2 | CY7: 1 | CZ7: 1 | DA7: 1 | DB7: 3 | DC7: 3 | DD7: 1 | DE7: 1 | DF7: 3 | DG7: 3 | DH7: 1 | DI7: 1 | DJ7: 3 | DK7: 3 | DL7: 1 | DM7: 1 | DN7: 3 | DO7: 3 | DP7: 1 | DQ7: 1
A9: PERSONAL DISPONIBLE | B9: =COUNTIFS(ABRIL!$C3:$C29,"M",ABRIL!$B$3:$B$29,"limpiadora") -> 3 | C9: =COUNTIFS(ABRIL!$C3:$C29,"T",ABRIL!$B$3:$B$29,"limpiadora") -> 3 | D9: =COUNTIF(ABRIL!$C3:$C29,"N") -> 1 | E9: =COUNTIFS(ABRIL!$C3:$C29,"M",ABRIL!$B3:$B29,"peon")+COUNTIFS(ABRIL!$C3:$C29,"T",ABRIL!$B3:$B29,"peon") -> 0 | F9: =COUNTIFS(ABRIL!$D3:$D29,"M",ABRIL!$B$3:$B$29,"limpiadora") -> 4 | G9: =COUNTIFS(ABRIL!$D3:$D29,"T",ABRIL!$B$3:$B$29,"limpiadora") -> 1 | H9: =COUNTIF(ABRIL!$D3:$D29,"N") -> 1 | I9: =COUNTIFS(ABRIL!$D3:$D29,"M",ABRIL!$B3:$B29,"peon")+COUNTIFS(ABRIL!$D3:$D29,"T",ABRIL!$B3:$B29,"peon") -> 0 | J9: =COUNTIFS(ABRIL!$E3:$E29,"M",ABRIL!$B$3:$B$29,"limpiadora") -> 3 | K9: =COUNTIFS(ABRIL!$E3:$E29,"T",ABRIL!$B$3:$B$29,"limpiadora") -> 1 | L9: =COUNTIF(ABRIL!$E3:$E29,"N") -> 1 | M9: =COUNTIFS(ABRIL!$E3:$E29,"M",ABRIL!$B3:$B29,"peon")+COUNTIFS(ABRIL!$E3:$E29,"T",ABRIL!$B3:$B29,"peon") -> 0 | N9: =COUNTIFS(ABRIL!$F3:$F29,"M",ABRIL!$B$3:$B$29,"limpiadora") -> 3 | O9: =COUNTIFS(ABRIL!$F3:$F29,"T",ABRIL!$B$3:$B$29,"limpiadora") -> 2 | P9: =COUNTIF(ABRIL!$F3:$F29,"N") -> 1 | Q9: =COUNTIFS(ABRIL!$F3:$F29,"M",ABRIL!$B3:$B29,"peon")+COUNTIFS(ABRIL!$F3:$F29,"T",ABRIL!$B3:$B29,"peon") -> 0 | R9: =COUNTIFS(ABRIL!$G3:$G29,"M",ABRIL!$B$3:$B$29,"limpiadora") -> 3 | S9: =COUNTIFS(ABRIL!$G3:$G29,"T",ABRIL!$B$3:$B$29,"limpiadora") -> 1 | T9: =COUNTIF(ABRIL!$G3:$G29,"N") -> 1 | U9: =COUNTIFS(ABRIL!$G3:$G29,"M",ABRIL!$B3:$B29,"peon")+COUNTIFS(ABRIL!$G3:$G29,"T",ABRIL!$B3:$B29,"peon") -> 0 | V9: =COUNTIFS(ABRIL!$H3:$H29,"M",ABRIL!$B$3:$B$29,"limpiadora") -> 3 | W9: =COUNTIFS(ABRIL!$H3:$H29,"T",ABRIL!$B$3:$B$29,"limpiadora") -> 3 | X9: =COUNTIF(ABRIL!$H3:$H29,"N") -> 1 | Y9: =COUNTIFS(ABRIL!$H3:$H29,"M",ABRIL!$B3:$B29,"peon")+COUNTIFS(ABRIL!$H3:$H29,"T",ABRIL!$B3:$B29,"peon") -> 0 | Z9: =COUNTIFS(ABRIL!$I3:$I29,"M",ABRIL!$B$3:$B$29,"limpiadora") -> 3 | AA9: =COUNTIFS(ABRIL!$I3:$I29,"T",ABRIL!$B$3:$B$29,"limpiadora") -> 3 | AB9: =COUNTIF(ABRIL!$I3:$I29,"N") -> 1 | AC9: =COUNTIFS(ABRIL!$I3:$I29,"M",ABRIL!$B3:$B29,"peon")+COUNTIFS(ABRIL!$I3:$I29,"T",ABRIL!$B3:$B29,"peon") -> 0 | AD9: =COUNTIFS(ABRIL!$J3:$J29,"M",ABRIL!$B$3:$B$29,"limpiadora") -> 4 | AE9: =COUNTIFS(ABRIL!$J3:$J29,"T",ABRIL!$B$3:$B$29,"limpiadora") -> 3 | AF9: =COUNTIF(ABRIL!$J3:$J29,"N") -> 1 | AG9: =COUNTIFS(ABRIL!$J3:$J29,"M",ABRIL!$B3:$B29,"peon")+COUNTIFS(ABRIL!$J3:$J29,"T",ABRIL!$B3:$B29,"peon") -> 0 | AH9: =COUNTIFS(ABRIL!$K3:$K29,"M",ABRIL!$B$3:$B$29,"limpiadora") -> 4 | AI9: =COUNTIFS(ABRIL!$K3:$K29,"T",ABRIL!$B$3:$B$29,"limpiadora") -> 3 | AJ9: =COUNTIF(ABRIL!$K3:$K29,"N") -> 1 | AK9: =COUNTIFS(ABRIL!$K3:$K29,"M",ABRIL!$B3:$B29,"peon")+COUNTIFS(ABRIL!$K3:$K29,"T",ABRIL!$B3:$B29,"peon") -> 0 | AL9: =COUNTIFS(ABRIL!$L3:$L29,"M",ABRIL!$B$3:$B$29,"limpiadora") -> 4 | AM9: =COUNTIFS(ABRIL!$L3:$L29,"T",ABRIL!$B$3:$B$29,"limpiadora") -> 3 | AN9: =COUNTIF(ABRIL!$L3:$L29,"N") -> 1 | AO9: =COUNTIFS(ABRIL!$L3:$L29,"M",ABRIL!$B3:$B29,"peon")+COUNTIFS(ABRIL!$L3:$L29,"T",ABRIL!$B3:$B29,"peon") -> 0 | AP9: =COUNTIFS(ABRIL!$M3:$M29,"M",ABRIL!$B$3:$B$29,"limpiadora") -> 3 | AQ9: =COUNTIFS(ABRIL!$M3:$M29,"T",ABRIL!$B$3:$B$29,"limpiadora") -> 1 | AR9: =COUNTIF(ABRIL!$M3:$M29,"N") -> 1 | AS9: =COUNTIFS(ABRIL!$M3:$M29,"M",ABRIL!$B3:$B29,"peon")+COUNTIFS(ABRIL!$M3:$M29,"T",ABRIL!$B3:$B29,"peon") -> 0 | AT9: =COUNTIFS(ABRIL!$N3:$N29,"M",ABRIL!$B$3:$B$29,"limpiadora") -> 3 | AU9: =COUNTIFS(ABRIL!$N3:$N29,"T",ABRIL!$B$3:$B$29,"limpiadora") -> 1 | AV9: =COUNTIF(ABRIL!$N3:$N29,"N") -> 1 | AW9: =COUNTIFS(ABRIL!$N3:$N29,"M",ABRIL!$B3:$B29,"peon")+COUNTIFS(ABRIL!$N3:$N29,"T",ABRIL!$B3:$B29,"peon") -> 0 | AX9: =COUNTIFS(ABRIL!$O3:$O29,"M",ABRIL!$B$3:$B$29,"limpiadora") -> 4 | AY9: =COUNTIFS(ABRIL!$O3:$O29,"T",ABRIL!$B$3:$B$29,"limpiadora") -> 3 | AZ9: =COUNTIF(ABRIL!$O3:$O29,"N") -> 1 | BA9: =COUNTIFS(ABRIL!$O3:$O29,"M",ABRIL!$B3:$B29,"peon")+COUNTIFS(ABRIL!$O3:$O29,"T",ABRIL!$B3:$B29,"peon") -> 0 | BB9: =COUNTIFS(ABRIL!$P3:$P29,"M",ABRIL!$B$3:$B$29,"limpiadora") -> 4 | BC9: =COUNTIFS(ABRIL!$P3:$P29,"T",ABRIL!$B$3:$B$29,"limpiadora") -> 3 | BD9: =COUNTIF(ABRIL!$P3:$P29,"N") -> 1 | BE9: =COUNTIFS(ABRIL!$P3:$P29,"M",ABRIL!$B3:$B29,"peon")+COUNTIFS(ABRIL!$P3:$P29,"T",ABRIL!$B3:$B29,"peon") -> 0 | BF9: =COUNTIFS(ABRIL!$Q3:$Q29,"M",ABRIL!$B$3:$B$29,"limpiadora") -> 4 | BG9: =COUNTIFS(ABRIL!$Q3:$Q29,"T",ABRIL!$B$3:$B$29,"limpiadora") -> 3 | BH9: =COUNTIF(ABRIL!$Q3:$Q29,"N") -> 1 | BI9: =COUNTIFS(ABRIL!$Q3:$Q29,"M",ABRIL!$B3:$B29,"peon")+COUNTIFS(ABRIL!$Q3:$Q29,"T",ABRIL!$B3:$B29,"peon") -> 0 | BJ9: =COUNTIFS(ABRIL!$R3:$R29,"M",ABRIL!$B$3:$B$29,"limpiadora") -> 4 | BK9: =COUNTIFS(ABRIL!$R3:$R29,"T",ABRIL!$B$3:$B$29,"limpiadora") -> 4 | BL9: =COUNTIF(ABRIL!$R3:$R29,"N") -> 1 | BM9: =COUNTIFS(ABRIL!$R3:$R29,"M",ABRIL!$B3:$B29,"peon")+COUNTIFS(ABRIL!$R3:$R29,"T",ABRIL!$B3:$B29,"peon") -> 0 | BN9: =COUNTIFS(ABRIL!$S3:$S29,"M",ABRIL!$B$3:$B$29,"limpiadora") -> 3 | BO9: =COUNTIFS(ABRIL!$S3:$S29,"T",ABRIL!$B$3:$B$29,"limpiadora") -> 2 | BP9: =COUNTIF(ABRIL!$S3:$S29,"N") -> 1 | BQ9: =COUNTIFS(ABRIL!$S3:$S29,"M",ABRIL!$B3:$B29,"peon")+COUNTIFS(ABRIL!$S3:$S29,"T",ABRIL!$B3:$B29,"peon") -> 0 | BR9: =COUNTIFS(ABRIL!$T3:$T29,"M",ABRIL!$B$3:$B$29,"limpiadora") -> 2 | BS9: =COUNTIFS(ABRIL!$T3:$T29,"T",ABRIL!$B$3:$B$29,"limpiadora") -> 3 | BT9: =COUNTIF(ABRIL!$T3:$T29,"N") -> 1 | BU9: =COUNTIFS(ABRIL!$T3:$T29,"M",ABRIL!$B3:$B29,"peon")+COUNTIFS(ABRIL!$T3:$T29,"T",ABRIL!$B3:$B29,"peon") -> 0 | BV9: =COUNTIFS(ABRIL!$U3:$U29,"M",ABRIL!$B$3:$B$29,"limpiadora") -> 2 | BW9: =COUNTIFS(ABRIL!$U3:$U29,"T",ABRIL!$B$3:$B$29,"limpiadora") -> 3 | BX9: =COUNTIF(ABRIL!$U3:$U29,"N") -> 1 | BY9: =COUNTIFS(ABRIL!$U3:$U29,"M",ABRIL!$B3:$B29,"peon")+COUNTIFS(ABRIL!$U3:$U29,"T",ABRIL!$B3:$B29,"peon") -> 0 | BZ9: =COUNTIFS(ABRIL!$V3:$V29,"M",ABRIL!$B$3:$B$29,"limpiadora") -> 3 | CA9: =COUNTIFS(ABRIL!$V3:$V29,"T",ABRIL!$B$3:$B$29,"limpiadora") -> 4 | CB9: =COUNTIF(ABRIL!$V3:$V29,"N") -> 1 | CC9: =COUNTIFS(ABRIL!$V3:$V29,"M",ABRIL!$B3:$B29,"peon")+COUNTIFS(ABRIL!$V3:$V29,"T",ABRIL!$B3:$B29,"peon") -> 0 | CD9: =COUNTIFS(ABRIL!$W3:$W29,"M",ABRIL!$B$3:$B$29,"limpiadora") -> 5 | CE9: =COUNTIFS(ABRIL!$W3:$W29,"T",ABRIL!$B$3:$B$29,"limpiadora") -> 4 | CF9: =COUNTIF(ABRIL!$W3:$W29,"N") -> 1 | CG9: =COUNTIFS(ABRIL!$W3:$W29,"M",ABRIL!$B3:$B29,"peon")+COUNTIFS(ABRIL!$W3:$W29,"T",ABRIL!$B3:$B29,"peon") -> 0 | CH9: =COUNTIFS(ABRIL!$X3:$X29,"M",ABRIL!$B$3:$B$29,"limpiadora") -> 4 | CI9: =COUNTIFS(ABRIL!$X3:$X29,"T",ABRIL!$B$3:$B$29,"limpiadora") -> 3 | CJ9: =COUNTIF(ABRIL!$X3:$X29,"N") -> 1 | CK9: =COUNTIFS(ABRIL!$X3:$X29,"M",ABRIL!$B3:$B29,"peon")+COUNTIFS(ABRIL!$X3:$X29,"T",ABRIL!$B3:$B29,"peon") -> 0 | CL9: =COUNTIFS(ABRIL!$Y3:$Y29,"M",ABRIL!$B$3:$B$29,"limpiadora") -> 4 | CM9: =COUNTIFS(ABRIL!$Y3:$Y29,"T",ABRIL!$B$3:$B$29,"limpiadora") -> 4 | CN9: =COUNTIF(ABRIL!$Y3:$Y29,"N") -> 1 | CO9: =COUNTIFS(ABRIL!$Y3:$Y29,"M",ABRIL!$B3:$B29,"peon")+COUNTIFS(ABRIL!$Y3:$Y29,"T",ABRIL!$B3:$B29,"peon") -> 0 | CP9: =COUNTIFS(ABRIL!$Z3:$Z29,"M",ABRIL!$B$3:$B$29,"limpiadora") -> 3 | CQ9: =COUNTIFS(ABRIL!$Z3:$Z29,"T",ABRIL!$B$3:$B$29,"limpiadora") -> 5 | CR9: =COUNTIF(ABRIL!$Z3:$Z29,"N") -> 1 | CS9: =COUNTIFS(ABRIL!$Z3:$Z29,"M",ABRIL!$B3:$B29,"peon")+COUNTIFS(ABRIL!$Z3:$Z29,"T",ABRIL!$B3:$B29,"peon") -> 0 | CT9: =COUNTIFS(ABRIL!$AA3:$AA29,"M",ABRIL!$B$3:$B$29,"limpiadora") -> 3 | CU9: =COUNTIFS(ABRIL!$AA3:$AA29,"T",ABRIL!$B$3:$B$29,"limpiadora") -> 1 | CV9: =COUNTIF(ABRIL!$AA3:$AA29,"N") -> 1 | CW9: =COUNTIFS(ABRIL!$AA3:$AA29,"M",ABRIL!$B3:$B29,"peon")+COUNTIFS(ABRIL!$AA3:$AA29,"T",ABRIL!$B3:$B29,"peon") -> 0 | CX9: =COUNTIFS(ABRIL!$AB3:$AB29,"M",ABRIL!$B$3:$B$29,"limpiadora") -> 3 | CY9: =COUNTIFS(ABRIL!$AB3:$AB29,"T",ABRIL!$B$3:$B$29,"limpiadora") -> 1 | CZ9: =COUNTIF(ABRIL!$AB3:$AB29,"N") -> 1 | DA9: =COUNTIFS(ABRIL!$AB3:$AB29,"M",ABRIL!$B3:$B29,"peon")+COUNTIFS(ABRIL!$AB3:$AB29,"T",ABRIL!$B3:$B29,"peon") -> 0 | DB9: =COUNTIFS(ABRIL!$AC3:$AC29,"M",ABRIL!$B$3:$B$29,"limpiadora") -> 2 | DC9: =COUNTIFS(ABRIL!$AC3:$AC29,"T",ABRIL!$B$3:$B$29,"limpiadora") -> 4 | DD9: =COUNTIF(ABRIL!$AC3:$AC29,"N") -> 1 | DE9: =COUNTIFS(ABRIL!$AC3:$AC29,"M",ABRIL!$B3:$B29,"peon")+COUNTIFS(ABRIL!$AC3:$AC29,"T",ABRIL!$B3:$B29,"peon") -> 0 | DF9: =COUNTIFS(ABRIL!$AD3:$AD29,"M",ABRIL!$B$3:$B$29,"limpiadora") -> 4 | DG9: =COUNTIFS(ABRIL!$AD3:$AD29,"T",ABRIL!$B$3:$B$29,"limpiadora") -> 4 | DH9: =COUNTIF(ABRIL!$AD3:$AD29,"N") -> 1 | DI9: =COUNTIFS(ABRIL!$AD3:$AD29,"M",ABRIL!$B3:$B29,"peon")+COUNTIFS(ABRIL!$AD3:$AD29,"T",ABRIL!$B3:$B29,"peon") -> 0 | DJ9: =COUNTIFS(ABRIL!$AE3:$AE29,"M",ABRIL!$B$3:$B$29,"limpiadora") -> 4 | DK9: =COUNTIFS(ABRIL!$AE3:$AE29,"T",ABRIL!$B$3:$B$29,"limpiadora") -> 5 | DL9: =COUNTIF(ABRIL!$AE3:$AE29,"N") -> 1 | DM9: =COUNTIFS(ABRIL!$AE3:$AE29,"M",ABRIL!$B3:$B29,"peon")+COUNTIFS(ABRIL!$AE3:$AE29,"T",ABRIL!$B3:$B29,"peon") -> 0 | DN9: =COUNTIFS(ABRIL!$AF3:$AF29,"M",ABRIL!$B$3:$B$29,"limpiadora") -> 4 | DO9: =COUNTIFS(ABRIL!$AF3:$AF29,"T",ABRIL!$B$3:$B$29,"limpiadora") -> 3 | DP9: =COUNTIF(ABRIL!$AF3:$AF29,"N") -> 1 | DQ9: =COUNTIFS(ABRIL!$AF3:$AF29,"M",ABRIL!$B3:$B29,"peon")+COUNTIFS(ABRIL!$AF3:$AF29,"T",ABRIL!$B3:$B29,"peon") -> 0
A13: TOTAL | B13: =SUM(CONTRATACION!B9:B12) -> 3 | C13: =SUM(CONTRATACION!C9:C12) -> 3 | D13: =SUM(CONTRATACION!D9:D12) -> 1 | E13: =SUM(CONTRATACION!E9:E12) -> 0 | F13: =SUM(CONTRATACION!F9:F12) -> 4 | G13: =SUM(CONTRATACION!G9:G12) -> 1 | H13: =SUM(CONTRATACION!H9:H12) -> 1 | I13: =SUM(CONTRATACION!I9:I12) -> 0 | ... DQ13: =SUM(CONTRATACION!DQ9:DQ12) -> 0
A17: CONTRATACIÓN | B17: =CONTRATACION!B13-CONTRATACION!B7 -> 1 | C17: =CONTRATACION!C13-CONTRATACION!C7 -> 0 | D17: =CONTRATACION!D13-CONTRATACION!D7 -> 0 | E17: =CONTRATACION!E13-CONTRATACION!E7 -> -1 | F17: =CONTRATACION!F13-CONTRATACION!F7 -> 2 | G17: =CONTRATACION!G13-CONTRATACION!G7 -> 0 | H17: =CONTRATACION!H13-CONTRATACION!H7 -> 0 | I17: =CONTRATACION!I13-CONTRATACION!I7 -> -1 | ... DQ17: =CONTRATACION!DQ13-CONTRATACION!DQ7 -> -1
A19: TOTAL | B19: =SUM(CONTRATACION!B17:E17) -> 0 | F19: =SUM(CONTRATACION!F17:I17) -> 1 | J19: =SUM(CONTRATACION!J17:M17) -> 0 | N19: =SUM(CONTRATACION!N17:Q17) -> 0 | R19: =SUM(CONTRATACION!R17:U17) -> 0 | V19: =SUM(CONTRATACION!V17:Y17) -> 0 | Z19: =SUM(CONTRATACION!Z17:AC17) -> 0 | AA19: =SUM(CONTRATACION!AA17:AD17) -> 0 | AB19: =SUM(CONTRATACION!AB17:AE17) -> 0 | AC19: =SUM(CONTRATACION!AC17:AF17) -> 0 | AD19: =SUM(CONTRATACION!AD17:AG17) -> 0 | AE19: =SUM(CONTRATACION!AE17:AH17) -> 0 | AF19: =SUM(CONTRATACION!AF17:AI17) -> 0 | AG19: =SUM(CONTRATACION!AG17:AJ17) -> 0 | AH19: =SUM(CONTRATACION!AH17:AK17) -> 0 | AL19: =SUM(CONTRATACION!AL17:AO17) -> 0 | AP19: =SUM(CONTRATACION!AP17:AS17) -> 0 | AT19: =SUM(CONTRATACION!AT17:AW17) -> 0 | AX19: =SUM(CONTRATACION!AX17:BA17) -> 0 | BB19: =SUM(CONTRATACION!BB17:BE17) -> 0 | BF19: =SUM(CONTRATACION!BF17:BI17) -> 0 | BJ19: =SUM(CONTRATACION!BJ17:BM17) -> 1 | BN19: =SUM(CONTRATACION!BN17:BQ17) -> -2 | BR19: =SUM(CONTRATACION!BR17:BU17) -> 1 | BV19: =SUM(CONTRATACION!BV17:BY17) -> 1 | BZ19: =SUM(CONTRATACION!BZ17:CC17) -> 0 | CD19: =SUM(CONTRATACION!CD17:CG17) -> 2 | CH19: =SUM(CONTRATACION!CH17:CK17) -> 0 | CL19: =SUM(CONTRATACION!CL17:CO17) -> 1 | CP19: =SUM(CONTRATACION!CP17:CS17) -> 1 | CT19: =SUM(CONTRATACION!CT17:CW17) -> 0 | CX19: =SUM(CONTRATACION!CX17:DA17) -> 0 | DB19: =SUM(CONTRATACION!DB17:DE17) -> -1 | DF19: =SUM(CONTRATACION!DF17:DI17) -> 1 | DJ19: =SUM(CONTRATACION!DJ17:DM17) -> 2 | DN19: =SUM(CONTRATACION!DN17:DQ17) -> 0 | DR19: =SUM(CONTRATACION!B19:DQ19) -> 8
A22: BAJAS | B22: =COUNTIF(ABRIL!C$3:C$29,"B") -> 2 | F22: =COUNTIF(ABRIL!D3:D$29,"B") -> 2 | J22: =COUNTIF(ABRIL!E$3:E$29,"B") -> 1 | N22: =COUNTIF(ABRIL!F$3:F$29,"B") -> 1 | R22: =COUNTIF(ABRIL!G$3:G$29,"B") -> 1 | V22: =COUNTIF(ABRIL!H$3:H$29,"B") -> 1 | Z22: =COUNTIF(ABRIL!I$3:I$29,"B") -> 2 | AD22: =COUNTIF(ABRIL!J$3:J$29,"B") -> 3 | AH22: =COUNTIF(ABRIL!K$3:K$29,"B") -> 3 | AL22: =COUNTIF(ABRIL!L$3:L$29,"B") -> 1 | AP22: =COUNTIF(ABRIL!M$3:M$29,"B") -> 2 | AT22: =COUNTIF(ABRIL!N$3:N$29,"B") -> 2 | AX22: =COUNTIF(ABRIL!O$3:O$29,"B") -> 1 | BB22: =COUNTIF(ABRIL!P$3:P$29,"B") -> 3 | BF22: =COUNTIF(ABRIL!Q$3:Q$29,"B") -> 2 | BJ22: =COUNTIF(ABRIL!R$3:R$29,"B") -> 3 | BN22: =COUNTIF(ABRIL!S$3:S$29,"B") -> 2 | BR22: =COUNTIF(ABRIL!T$3:T$29,"B") -> 1 | BV22: =COUNTIF(ABRIL!U$3:U$29,"B") -> 1 | BZ22: =COUNTIF(ABRIL!V$3:V$29,"B") -> 1 | CD22: =COUNTIF(ABRIL!W$3:W$29,"B") -> 3 | CH22: =COUNTIF(ABRIL!X$3:X$29,"B") -> 3 | CL22: =COUNTIF(ABRIL!Y$3:Y$29,"B") -> 2 | CP22: =COUNTIF(ABRIL!Z$3:Z$29,"B") -> 2 | CT22: =COUNTIF(ABRIL!AA$3:AA$29,"B") -> 2 | CX22: =COUNTIF(ABRIL!AB$3:AB$29,"B") -> 2 | DB22: =COUNTIF(ABRIL!AC$3:AC$29,"B") -> 2 | DF22: =COUNTIF(ABRIL!AD$3:AD$29,"B") -> 2 | DJ22: =COUNTIF(ABRIL!AE$3:AE$29,"B") -> 3 | DN22: =COUNTIF(ABRIL!AF$3:AF$29,"B") -> 2 | DR22: =SUM(CONTRATACION!B22:DQ22) -> 58 | DS22: BAJAS
A23: VACACIONES | B23: =COUNTIF(ABRIL!C$3:C$29,"V") -> 0 | F23: =COUNTIF(ABRIL!D$3:D$29,"V") -> 0 | J23: =COUNTIF(ABRIL!E$3:E$29,"V") -> 0 | N23: =COUNTIF(ABRIL!F$3:F$29,"V") -> 0 | R23: =COUNTIF(ABRIL!G$3:G$29,"V") -> 0 | V23: =COUNTIF(ABRIL!H$3:H$29,"V") -> 0 | Z23: =COUNTIF(ABRIL!I$3:I$29,"V") -> 0 | AD23: =COUNTIF(ABRIL!J$3:J$29,"V") -> 0 | AH23: =COUNTIF(ABRIL!K$3:K$29,"V") -> 0 | AL23: =COUNTIF(ABRIL!L$3:L$29,"V") -> 0 | AP23: =COUNTIF(ABRIL!M$3:M$29,"V") -> 0 | AT23: =COUNTIF(ABRIL!N$3:N$29,"V") -> 0 | AX23: =COUNTIF(ABRIL!O$3:O$29,"V") -> 0 | BB23: =COUNTIF(ABRIL!P$3:P$29,"V") -> 0 | BF23: =COUNTIF(ABRIL!Q$3:Q$29,"V") -> 0 | BJ23: =COUNTIF(ABRIL!R$3:R$29,"V") -> 0 | BN23: =COUNTIF(ABRIL!S$3:S$29,"V") -> 0 | BR23: =COUNTIF(ABRIL!T$3:T$29,"V") -> 0 | BV23: =COUNTIF(ABRIL!U$3:U$29,"V") -> 0 | BZ23: =COUNTIF(ABRIL!V$3:V$29,"V") -> 0 | CD23: =COUNTIF(ABRIL!W$3:W$29,"V") -> 0 | CH23: =COUNTIF(ABRIL!X$3:X$29,"V") -> 0 | CL23: =COUNTIF(ABRIL!Y$3:Y$29,"V") -> 0 | CP23: =COUNTIF(ABRIL!Z$3:Z$29,"V") -> 0 | CT23: =COUNTIF(ABRIL!AA$3:AA$29,"V") -> 0 | CX23: =COUNTIF(ABRIL!AB$3:AB$29,"V") -> 0 | DB23: =COUNTIF(ABRIL!AC$3:AC$29,"V") -> 0 | DF23: =COUNTIF(ABRIL!AD$3:AD$29,"V") -> 0 | DJ23: =COUNTIF(ABRIL!AE$3:AE$29,"V") -> 0 | DN23: =COUNTIF(ABRIL!AF$3:AF$29,"V") -> 0 | DR23: =SUM(CONTRATACION!B23:DQ23) -> 0 | DS23: VACACIONES
A24: ASUNTOS | B24: =COUNTIF(ABRIL!C$3:C$29,"A") -> 0 | F24: =COUNTIF(ABRIL!D$3:D$29,"A") -> 1 | J24: =COUNTIF(ABRIL!E$3:E$29,"A") -> 0 | N24: =COUNTIF(ABRIL!F$3:F$29,"A") -> 0 | R24: =COUNTIF(ABRIL!G$3:G$29,"A") -> 0 | V24: =COUNTIF(ABRIL!H$3:H$29,"A") -> 2 | Z24: =COUNTIF(ABRIL!I$3:I$29,"A") -> 0 | AD24: =COUNTIF(ABRIL!J$3:J$29,"A") -> 0 | AH24: =COUNTIF(ABRIL!K$3:K$29,"A") -> 0 | AL24: =COUNTIF(ABRIL!L$3:L$29,"A") -> 0 | AP24: =COUNTIF(ABRIL!M$3:M$29,"A") -> 0 | AT24: =COUNTIF(ABRIL!N$3:N$29,"A") -> 0 | AX24: =COUNTIF(ABRIL!O$3:O$29,"A") -> 0 | BB24: =COUNTIF(ABRIL!P$3:P$29,"A") -> 0 | BF24: =COUNTIF(ABRIL!Q$3:Q$29,"A") -> 0 | BJ24: =COUNTIF(ABRIL!R$3:R$29,"A") -> 0 | BN24: =COUNTIF(ABRIL!S$3:S$29,"A") -> 0 | BR24: =COUNTIF(ABRIL!T$3:T$29,"A") -> 0 | BV24: =COUNTIF(ABRIL!U$3:U$29,"A") -> 0 | BZ24: =COUNTIF(ABRIL!V$3:V$29,"A") -> 0 | CD24: =COUNTIF(ABRIL!W$3:W$29,"A") -> 0 | CH24: =COUNTIF(ABRIL!X$3:X$29,"A") -> 0 | CL24: =COUNTIF(ABRIL!Y$3:Y$29,"A") -> 0 | CP24: =COUNTIF(ABRIL!Z$3:Z$29,"A") -> 0 | CT24: =COUNTIF(ABRIL!AA$3:AA$29,"A") -> 0 | CX24: =COUNTIF(ABRIL!AB$3:AB$29,"A") -> 0 | DB24: =COUNTIF(ABRIL!AC$3:AC$29,"A") -> 0 | DF24: =COUNTIF(ABRIL!AD$3:AD$29,"A") -> 0 | DJ24: =COUNTIF(ABRIL!AE$3:AE$29,"A") -> 0 | DN24: =COUNTIF(ABRIL!AF$3:AF$29,"A") -> 0 | DR24: =SUM(CONTRATACION!B24:DQ24) -> 3 | DS24: ASUNTOS
A25: PERMISO FAMILIAR | B25: =COUNTIF(ABRIL!C$3:C$29,"PF") -> 0 | F25: =COUNTIF(ABRIL!D$3:D$29,"PF") -> 0 | J25: =COUNTIF(ABRIL!E$3:E$29,"PF") -> 0 | N25: =COUNTIF(ABRIL!F$3:F$29,"PF") -> 0 | R25: =COUNTIF(ABRIL!G$3:G$29,"PF") -> 0 | V25: =COUNTIF(ABRIL!H$3:H$29,"PF") -> 0 | Z25: =COUNTIF(ABRIL!I$3:I$29,"PF") -> 0 | AD25: =COUNTIF(ABRIL!J$3:J$29,"PF") -> 0 | AH25: =COUNTIF(ABRIL!K$3:K$29,"PF") -> 0 | AL25: =COUNTIF(ABRIL!L$3:L$29,"PF") -> 0 | AP25: =COUNTIF(ABRIL!M$3:M$29,"PF") -> 0 | AT25: =COUNTIF(ABRIL!N$3:N$29,"PF") -> 0 | AX25: =COUNTIF(ABRIL!O$3:O$29,"PF") -> 0 | BB25: =COUNTIF(ABRIL!P$3:P$29,"PF") -> 0 | BF25: =COUNTIF(ABRIL!Q$3:Q$29,"PF") -> 0 | BJ25: =COUNTIF(ABRIL!R$3:R$29,"PF") -> 0 | BN25: =COUNTIF(ABRIL!S$3:S$29,"PF") -> 0 | BR25: =COUNTIF(ABRIL!T$3:T$29,"PF") -> 0 | BV25: =COUNTIF(ABRIL!U$3:U$29,"PF") -> 0 | BZ25: =COUNTIF(ABRIL!V$3:V$29,"PF") -> 0 | CD25: =COUNTIF(ABRIL!W$3:W$29,"PF") -> 0 | CH25: =COUNTIF(ABRIL!X$3:X$29,"PF") -> 0 | CL25: =COUNTIF(ABRIL!Y$3:Y$29,"PF") -> 0 | CP25: =COUNTIF(ABRIL!Z$3:Z$29,"PF") -> 0 | CT25: =COUNTIF(ABRIL!AA$3:AA$29,"PF") -> 0 | CX25: =COUNTIF(ABRIL!AB$3:AB$29,"PF") -> 0 | DB25: =COUNTIF(ABRIL!AC$3:AC$29,"PF") -> 0 | DF25: =COUNTIF(ABRIL!AD$3:AD$29,"PF") -> 0 | DJ25: =COUNTIF(ABRIL!AE$3:AE$29,"PF") -> 0 | DN25: =COUNTIF(ABRIL!AF$3:AF$29,"PF") -> 0 | DR25: =SUM(CONTRATACION!B25:DQ25) -> 0 | DS25: PERMISO FAMILIAR
A26: PERMISO SINDICAL | B26: =COUNTIF(ABRIL!C$3:C$29,"PS") -> 0 | F26: =COUNTIF(ABRIL!D$3:D$29,"PS") -> 0 | J26: =COUNTIF(ABRIL!E$3:E$29,"PS") -> 0 | N26: =COUNTIF(ABRIL!F$3:F$29,"PS") -> 0 | R26: =COUNTIF(ABRIL!G$3:G$29,"PS") -> 0 | V26: =COUNTIF(ABRIL!H$3:H$29,"PS") -> 0 | Z26: =COUNTIF(ABRIL!I$3:I$29,"PS") -> 0 | AD26: =COUNTIF(ABRIL!J$3:J$29,"PS") -> 0 | AH26: =COUNTIF(ABRIL!K$3:K$29,"PS") -> 0 | AL26: =COUNTIF(ABRIL!L$3:L$29,"PS") -> 0 | AP26: =COUNTIF(ABRIL!M$3:M$29,"PS") -> 0 | AT26: =COUNTIF(ABRIL!N$3:N$29,"PS") -> 0 | AX26: =COUNTIF(ABRIL!O$3:O$29,"PS") -> 0 | BB26: =COUNTIF(ABRIL!P$3:P$29,"PS") -> 0 | BF26: =COUNTIF(ABRIL!Q$3:Q$29,"PS") -> 0 | BJ26: =COUNTIF(ABRIL!R$3:R$29,"PS") -> 0 | BN26: =COUNTIF(ABRIL!S$3:S$29,"PS") -> 0 | BR26: =COUNTIF(ABRIL!T$3:T$29,"PS") -> 0 | BV26: =COUNTIF(ABRIL!U$3:U$29,"PS") -> 0 | BZ26: =COUNTIF(ABRIL!V$3:V$29,"PS") -> 0 | CD26: =COUNTIF(ABRIL!W$3:W$29,"PS") -> 0 | CH26: =COUNTIF(ABRIL!X$3:X$29,"PS") -> 0 | CL26: =COUNTIF(ABRIL!Y$3:Y$29,"PS") -> 0 | CP26: =COUNTIF(ABRIL!Z$3:Z$29,"PS") -> 0 | CT26: =COUNTIF(ABRIL!AA$3:AA$29,"PS") -> 0 | CX26: =COUNTIF(ABRIL!AB$3:AB$29,"PS") -> 0 | DB26: =COUNTIF(ABRIL!AC$3:AC$29,"PS") -> 0 | DF26: =COUNTIF(ABRIL!AD$3:AD$29,"PS") -> 0 | DJ26: =COUNTIF(ABRIL!AE$3:AE$29,"PS") -> 0 | DN26: =COUNTIF(ABRIL!AF$3:AF$29,"PS") -> 0 | DR26: =SUM(CONTRATACION!B26:DQ26) -> 0 | DS26: PERMISO SINDICAL
DR27: =SUM(CONTRATACION!DR22:DR26) -> 61

Sheet Hoja1
B2: ABRIL 2026
B3: MI | C3: J | D3: V | E3: S | F3: D | G3: L | H3: M | I3: MI | J3: J | K3: V | L3: S | M3: D | N3: L | O3: M | P3: MI | Q3: J | R3: V | S3: S | T3: D | U3: L | V3: M | W3: MI | X3: J | Y3: V | Z3: S | AA3: D | AB3: L | AC3: M | AD3: MI | AE3: J
B4: 1 | C4: 2 | D4: 3 | E4: 4 | F4: 5 | G4: 6 | H4: 7 | I4: 8 | J4: 9 | K4: 10 | L4: 11 | M4: 12 | N4: 13 | O4: 14 | P4: 15 | Q4: 16 | R4: 17 | S4: 18 | T4: 19 | U4: 20 | V4: 21 | W4: 22 | X4: 23 | Y4: 24 | Z4: 25 | AA4: 26 | AB4: 27 | AC4: 28 | AD4: 29 | AE4: 30
A5: TRABAJADOR 1 | B5: M | C5: M | D5: D | E5: D | F5: D | G5: D | H5: M | I5: M | J5: M | K5: D | L5: M | M5: M | N5: D | O5: M | P5: M | Q5: M | R5: M | S5: D | T5: D | U5: M | V5: M | W5: M | X5: D | Y5: M | Z5: M | AA5: M | AB5: M | AC5: D | AD5: M | AE5: M
A6: TRABAJADOR 2 | B6: N | C6: D | D6: N | E6: D | F6: D | G6: D | H6: D | I6: D | J6: N | K6: D | L6: N | M6: D | N6: N | O6: D | P6: N | Q6: D | R6: N | S6: D | T6: N | U6: D | V6: N | W6: D | X6: D | Y6: D | Z6: N | AA6: D | AB6: N | AC6: D | AD6: N | AE6: D
A7: TRABAJADOR 3 | B7: D | C7: T | D7: D | E7: T | F7: T | G7: T | H7: D | I7: D | J7: T | K7: T | L7: D | M7: D | N7: T | O7: T | P7: T | Q7: D | R7: D | S7: T | T7: T | U7: T | V7: T | W7: D | X7: T | Y7: T | Z7: D | AA7: D | AB7: D | AC7: T | AD7: T | AE7: T
A8: TRABAJADOR 4 | B8: D | C8: M | D8: D | E8: M | F8: M | G8: M | H8: D | I8: D | J8: M | K8: M | L8: D | M8: D | N8: M | O8: M | P8: M | Q8: D | R8: D | S8: M | T8: M | U8: M | V8: M | W8: D | X8: M | Y8: M | Z8: D | AA8: D | AB8: D | AC8: M | AD8: M | AE8: D
A9: TRABAJADOR 5 | B9: D | C9: D | D9: M | E9: D | F9: D | G9: M | H9: M | I9: M | J9: D | K9: M | L9: M | M9: M | N9: M | O9: D | P9: M | Q9: M | R9: M | S9: D | T9: D | U9: M | V9: M | W9: M | X9: M | Y9: D | Z9: M | AA9: M | AB9: D | AC9: M | AD9: M | AE9: M
A10: TRABAJADOR 6 | B10: D | C10: D | D10: M | E10: D | F10: D | G10: M | H10: M | I10: M | J10: M | K10: D | L10: M | M10: M | N10: M | O10: M | P10: D | Q10: M | R10: M | S10: D | T10: D | U10: D | V10: M | W10: M | X10: M | Y10: D | Z10: M | AA10: M | AB10: D | AC10: M | AD10: M | AE10: M
A11: TRABAJADOR 7 | B11: D | C11: N | D11: D | E11: N | F11: D | G11: N | H11: D | I11: D | J11: D | K11: N | L11: D | M11: N | N11: D | O11: N | P11: D | Q11: N | R11: D | S11: N | T11: D | U11: N | V11: D | W11: N | X11: D | Y11: D | Z11: D | AA11: N | AB11: D | AC11: N | AD11: D | AE11: N
A12: TRABAJADOR 8 | B12: T | C12: D | D12: D | E12: T | F12: T | G12: T | H12: T | I12: D | J12: T | K12: T | L12: D | M12: D | N12: D | O12: T | P12: T | Q12: T | R12: T | S12: D | T12: D | U12: T | V12: T | W12: T | X12: D | Y12: T | Z12: T | AA12: T | AB12: T | AC12: D | AD12: T | AE12: T
A13: TRABAJADOR 9 | B13: M | C13: M | D13: D | E13: M | F13: M | G13: M | H13: D | I13: M | J13: M | K13: M | L13: D | M13: D | N13: M | O13: M | P13: M | Q13: M | R13: D | S13: M | T13: M | U13: D | V13: M | W13: M | X13: M | Y13: M | Z13: D | AA13: D | AB13: M | AC13: M | AD13: D | AE13: M
A14: TRABAJADOR 10 | B14: T | C14: T | D14: D | E14: D | F14: D | G14: T | H14: T | I14: D | J14: T | K14: T | L14: D | M14: D | N14: T | O14: T | P14: T | Q14: T | R14: D | S14: T | T14: T | U14: T | V14: T | W14: D | X14: T | Y14: T | Z14: D | AA14: D | AB14: T | AC14: T | AD14: T | AE14: T
A15: TRABAJADOR 11 | B15: T | C15: D | D15: T | E15: D | F15: D | G15: T | H15: T | I15: T | J15: T | K15: D | L15: T | M15: T | N15: T | O15: T | P15: D | Q15: T | R15: T | S15: D | T15: D | U15: T | V15: D | W15: T | X15: T | Y15: T | Z15: D | AA15: D | AB15: T | AC15: T | AD15: T | AE15: D
A16: TRABAJADOR 12 | B16: T | C16: T | D16: D | E16: T | F16: T | G16: D | H16: D | I16: T | J16: T | K16: T | L16: D | M16: D | N16: D | O16: T | P16: T | Q16: T | R16: D | S16: T | T16: T | U16: D | V16: T | W16: T | X16: T | Y16: T | Z16: D | AA16: D | AB16: T | AC16: T | AD16: T | AE16: D
